{"model_name": "Polynomial Regression_10", "features": ["curr_bytes_read", "curr_bytes_writes", "curr_cache_miss", "curr_cgroupfs_cpu_usage_us", "curr_cgroupfs_memory_usage_bytes", "curr_cgroupfs_system_cpu_usage_us", "curr_cgroupfs_user_cpu_usage_us", "curr_cpu_cycles", "curr_cpu_instr", "curr_cpu_time"], "mae": 2929.9934480062957, "mse": 88430202.7377666, "mae_val": 1712.0159646842626, "mse_val": 49577913.082460515, "abs_model": "Linear Regression_50", "model_class": "scikit", "model_file": "model.sav", "abs_mae": 9197.178861835693, "abs_mse": 175288460.4635158, "abs_mae_val": 8600.627411498719, "abs_mse_val": 147826087.30762154, "abs_max_corr": 0.9223559827059115, "fe_files": ["poly_scaler.pkl"], "reconstructed_mae": 14087.819922900493, "reconstructed_mse": 402806218.6780038, "avg_mae": 6243.276445197017}