{"model_name": "Polynomial Regression_10", "features": ["curr_bytes_read", "curr_bytes_writes", "curr_cache_miss", "curr_cgroupfs_cpu_usage_us", "curr_cgroupfs_memory_usage_bytes", "curr_cgroupfs_system_cpu_usage_us", "curr_cgroupfs_user_cpu_usage_us", "curr_cpu_cycles", "curr_cpu_instr", "curr_cpu_time"], "mae": 491.8139044242766, "mse": 996737.7916944308, "mae_val": 599.57840431331, "mse_val": 1561444.9002610326, "abs_model": "Linear Regression_50", "model_class": "scikit", "model_file": "model.sav", "abs_mae": 10689.312441143658, "abs_mse": 218251790.05227706, "abs_mae_val": 9002.929086911678, "abs_mse_val": 165140470.27964726, "abs_max_corr": 0.9990749463348013, "fe_files": ["poly_scaler.pkl"], "reconstructed_mae": 10957.700804190597, "reconstructed_mse": 227772887.14303565, "avg_mae": 4016.3643709760613}