{"model_name": "Gradient Boosting Regressor_4", "features": ["curr_cgroupfs_cpu_usage_us", "curr_cgroupfs_memory_usage_bytes", "curr_cgroupfs_system_cpu_usage_us", "curr_cgroupfs_user_cpu_usage_us"], "mae": 1983.8809590503106, "mse": 40244402.38184511, "mae_val": 1879.5645967160604, "mse_val": 17995355.883818485, "abs_model": "Linear Regression_50", "model_class": "scikit", "model_file": "model.sav", "abs_mae": 10689.312441143658, "abs_mse": 218251790.05227706, "abs_mae_val": 9002.929086911678, "abs_mse_val": 165140470.27964726, "abs_max_corr": 0.9990749463348013, "fe_files": [], "reconstructed_mae": 14079.756544782034, "reconstructed_mse": 410805175.0920452, "avg_mae": 5981.067366849468}