{"model_name": "Gradient Boosting Regressor_4", "features": ["curr_cgroupfs_cpu_usage_us", "curr_cgroupfs_memory_usage_bytes", "curr_cgroupfs_system_cpu_usage_us", "curr_cgroupfs_user_cpu_usage_us"], "mae": 6293.987282407854, "mse": 337673383.82661664, "mae_val": 7102.6908176594525, "mse_val": 463922055.70309764, "abs_model": "Linear Regression_50", "model_class": "scikit", "model_file": "model.sav", "abs_mae": 9197.178861835693, "abs_mse": 175288460.4635158, "abs_mae_val": 8600.627411498719, "abs_mse_val": 147826087.30762154, "abs_max_corr": 0.9223559827059115, "fe_files": [], "reconstructed_mae": 23099.24813649546, "reconstructed_mse": 1441258663.206464, "avg_mae": 12165.308745520922}