{"model_name": "Linear Regression_10", "features": ["curr_bytes_read", "curr_bytes_writes", "curr_cache_miss", "curr_cgroupfs_cpu_usage_us", "curr_cgroupfs_memory_usage_bytes", "curr_cgroupfs_system_cpu_usage_us", "curr_cgroupfs_user_cpu_usage_us", "curr_cpu_cycles", "curr_cpu_instr", "curr_cpu_time"], "mae": 588.3498289329806, "mse": 1288485.0096164178, "mae_val": 654.1375934502626, "mse_val": 1871081.9924582976, "abs_model": "Linear Regression_50", "model_class": "scikit", "model_file": "model.sav", "abs_mae": 10689.312441143658, "abs_mse": 218251790.05227706, "abs_mae_val": 9002.929086911678, "abs_mse_val": 165140470.27964726, "abs_max_corr": 0.9990749463348013, "fe_files": [], "reconstructed_mae": 11084.302469561264, "reconstructed_mse": 233346561.1880628, "avg_mae": 4108.929963981503}