{"model_name": "Linear Regression_10", "features": ["curr_bytes_read", "curr_bytes_writes", "curr_cache_miss", "curr_cgroupfs_cpu_usage_us", "curr_cgroupfs_memory_usage_bytes", "curr_cgroupfs_system_cpu_usage_us", "curr_cgroupfs_user_cpu_usage_us", "curr_cpu_cycles", "curr_cpu_instr", "curr_cpu_time"], "mae": 3867.9920649991054, "mse": 143066651.70942783, "mae_val": 2353.354822013452, "mse_val": 65150578.765978985, "abs_model": "Linear Regression_50", "model_class": "scikit", "model_file": "model.sav", "abs_mae": 9197.178861835693, "abs_mse": 175288460.4635158, "abs_mae_val": 8600.627411498719, "abs_mse_val": 147826087.30762154, "abs_max_corr": 0.9223559827059115, "fe_files": [], "reconstructed_mae": 16346.636133349979, "reconstructed_mse": 575413353.4019798, "avg_mae": 7522.661006787513}