{"model_name": "Gradient Boosting Regressor_10", "features": ["curr_bytes_read", "curr_bytes_writes", "curr_cache_miss", "curr_cgroupfs_cpu_usage_us", "curr_cgroupfs_memory_usage_bytes", "curr_cgroupfs_system_cpu_usage_us", "curr_cgroupfs_user_cpu_usage_us", "curr_cpu_cycles", "curr_cpu_instr", "curr_cpu_time"], "mae": 1504.0890318410584, "mse": 24787964.371904206, "mae_val": 1341.65397710561, "mse_val": 29054330.7320856, "abs_model": "Linear Regression_50", "model_class": "scikit", "model_file": "model.sav", "abs_mae": 9197.178861835693, "abs_mse": 175288460.4635158, "abs_mae_val": 8600.627411498719, "abs_mse_val": 147826087.30762154, "abs_max_corr": 0.9223559827059115, "fe_files": [], "reconstructed_mae": 10399.820168617265, "reconstructed_mse": 214323450.46330243, "avg_mae": 4415.187725854645}