{"model_name": "Gradient Boosting Regressor_10", "features": ["curr_bytes_read", "curr_bytes_writes", "curr_cache_miss", "curr_cgroupfs_cpu_usage_us", "curr_cgroupfs_memory_usage_bytes", "curr_cgroupfs_system_cpu_usage_us", "curr_cgroupfs_user_cpu_usage_us", "curr_cpu_cycles", "curr_cpu_instr", "curr_cpu_time"], "mae": 294.27795794018, "mse": 331617.30075760727, "mae_val": 505.7788712009891, "mse_val": 1555368.266285575, "abs_model": "Linear Regression_50", "model_class": "scikit", "model_file": "model.sav", "abs_mae": 10689.312441143658, "abs_mse": 218251790.05227706, "abs_mae_val": 9002.929086911678, "abs_mse_val": 165140470.27964726, "abs_max_corr": 0.9990749463348013, "fe_files": [], "reconstructed_mae": 10808.507019451532, "reconstructed_mse": 223837243.84192887, "avg_mae": 3869.521282864234}